<?xml version="1.0" encoding="UTF-8"?>

<channel name="pointers" version="1.0">
  <property name="SynPS2_Synaptics_TouchPad" type="empty">
    <property name="RightHanded" type="bool" value="true"/>
    <property name="Threshold" type="int" value="4"/>
    <property name="Acceleration" type="double" value="10.000000"/>
    <property name="Properties" type="empty">
      <property name="Synaptics_Tap_Action" type="array">
        <value type="int" value="0"/>
        <value type="int" value="0"/>
        <value type="int" value="0"/>
        <value type="int" value="0"/>
        <value type="int" value="1"/>
        <value type="int" value="3"/>
        <value type="int" value="2"/>
      </property>
      <property name="libinput_Tapping_Enabled" type="int" value="1"/>
    </property>
  </property>
  <property name="Logitech_M215_2nd_Gen" type="empty">
    <property name="RightHanded" type="bool" value="true"/>
    <property name="Threshold" type="int" value="1"/>
    <property name="Acceleration" type="double" value="10.000000"/>
  </property>
</channel>
