<?xml version="1.0" encoding="UTF-8"?>

<channel name="thunar" version="1.0">
  <property name="last-view" type="string" value="ThunarDetailsView"/>
  <property name="last-icon-view-zoom-level" type="string" value="THUNAR_ZOOM_LEVEL_NORMAL"/>
  <property name="last-separator-position" type="int" value="170"/>
  <property name="last-sort-column" type="string" value="THUNAR_COLUMN_SIZE"/>
  <property name="last-sort-order" type="string" value="GTK_SORT_DESCENDING"/>
  <property name="last-window-maximized" type="bool" value="false"/>
  <property name="last-details-view-zoom-level" type="string" value="THUNAR_ZOOM_LEVEL_SMALLER"/>
  <property name="last-details-view-column-widths" type="string" value="50,147,50,50,289,50,50,72,288"/>
  <property name="last-window-width" type="int" value="981"/>
  <property name="last-window-height" type="int" value="480"/>
  <property name="last-show-hidden" type="bool" value="true"/>
</channel>
