<?xml version="1.0" encoding="UTF-8"?>

<channel name="xfce4-notifyd" version="1.0">
  <property name="applications" type="empty">
    <property name="known_applications" type="array">
      <value type="string" value="brasero"/>
      <value type="string" value="FileZilla"/>
      <value type="string" value="Firefox"/>
      <value type="string" value="mumble"/>
      <value type="string" value="nm-applet"/>
      <value type="string" value="Studio"/>
      <value type="string" value="Telegram Desktop"/>
      <value type="string" value="Thunar"/>
      <value type="string" value="Xfce volume control"/>
      <value type="string" value="xfce4-power-manager"/>
    </property>
  </property>
</channel>
