<?xml version="1.0" encoding="UTF-8"?>

<channel name="xfce4-panel" version="1.0">
  <property name="configver" type="int" value="2"/>
  <property name="panels" type="array">
    <value type="int" value="1"/>
    <value type="int" value="2"/>
    <property name="panel-1" type="empty">
      <property name="position" type="string" value="p=6;x=2240;y=16"/>
      <property name="length" type="uint" value="100"/>
      <property name="position-locked" type="bool" value="true"/>
      <property name="size" type="uint" value="30"/>
      <property name="plugin-ids" type="array">
        <value type="int" value="25"/>
        <value type="int" value="1"/>
        <value type="int" value="9"/>
        <value type="int" value="10"/>
        <value type="int" value="3"/>
        <value type="int" value="15"/>
        <value type="int" value="26"/>
        <value type="int" value="5"/>
        <value type="int" value="6"/>
        <value type="int" value="11"/>
        <value type="int" value="7"/>
        <value type="int" value="8"/>
        <value type="int" value="46"/>
        <value type="int" value="4"/>
        <value type="int" value="2"/>
      </property>
      <property name="autohide-behavior" type="uint" value="0"/>
      <property name="span-monitors" type="bool" value="false"/>
      <property name="background-alpha" type="uint" value="0"/>
    </property>
    <property name="panel-2" type="empty">
      <property name="position" type="string" value="p=10;x=964;y=1053"/>
      <property name="length" type="uint" value="40"/>
      <property name="background-style" type="uint" value="0"/>
      <property name="span-monitors" type="bool" value="false"/>
      <property name="position-locked" type="bool" value="true"/>
      <property name="autohide-behavior" type="uint" value="1"/>
      <property name="enter-opacity" type="uint" value="100"/>
      <property name="leave-opacity" type="uint" value="100"/>
      <property name="background-alpha" type="uint" value="0"/>
      <property name="plugin-ids" type="array">
        <value type="int" value="29"/>
        <value type="int" value="30"/>
        <value type="int" value="31"/>
        <value type="int" value="32"/>
        <value type="int" value="33"/>
        <value type="int" value="34"/>
        <value type="int" value="35"/>
        <value type="int" value="36"/>
        <value type="int" value="37"/>
        <value type="int" value="38"/>
        <value type="int" value="39"/>
        <value type="int" value="40"/>
        <value type="int" value="41"/>
        <value type="int" value="42"/>
        <value type="int" value="43"/>
        <value type="int" value="44"/>
      </property>
    </property>
  </property>
  <property name="plugins" type="empty">
    <property name="plugin-3" type="string" value="tasklist"/>
    <property name="plugin-15" type="string" value="separator">
      <property name="expand" type="bool" value="true"/>
      <property name="style" type="uint" value="0"/>
    </property>
    <property name="plugin-5" type="string" value="clock"/>
    <property name="plugin-6" type="string" value="systray">
      <property name="names-visible" type="array">
        <value type="string" value="thunar"/>
        <value type="string" value="vlc"/>
        <value type="string" value="mumble"/>
        <value type="string" value="steam"/>
        <value type="string" value="skypeforlinux"/>
        <value type="string" value="netzwerk-manager-applet"/>
        <value type="string" value="remmina"/>
        <value type="string" value="telegram"/>
      </property>
    </property>
    <property name="plugin-7" type="string" value="pulseaudio">
      <property name="enable-keyboard-shortcuts" type="bool" value="true"/>
    </property>
    <property name="plugin-8" type="string" value="power-manager-plugin"/>
    <property name="plugin-25" type="string" value="whiskermenu"/>
    <property name="plugin-26" type="string" value="pager"/>
    <property name="plugin-1" type="string" value="launcher">
      <property name="items" type="array">
        <value type="string" value="15052598172.desktop"/>
      </property>
    </property>
    <property name="plugin-9" type="string" value="launcher">
      <property name="items" type="array">
        <value type="string" value="15052526944.desktop"/>
      </property>
    </property>
    <property name="plugin-10" type="string" value="launcher">
      <property name="items" type="array">
        <value type="string" value="15052527115.desktop"/>
      </property>
    </property>
    <property name="plugin-29" type="string" value="launcher">
      <property name="items" type="array">
        <value type="string" value="150577363319.desktop"/>
      </property>
    </property>
    <property name="plugin-30" type="string" value="launcher">
      <property name="items" type="array">
        <value type="string" value="15058246441.desktop"/>
      </property>
    </property>
    <property name="plugin-31" type="string" value="launcher">
      <property name="items" type="array">
        <value type="string" value="150577365321.desktop"/>
      </property>
    </property>
    <property name="plugin-32" type="string" value="launcher">
      <property name="items" type="array">
        <value type="string" value="150577367822.desktop"/>
      </property>
    </property>
    <property name="plugin-33" type="string" value="launcher">
      <property name="items" type="array">
        <value type="string" value="150577368523.desktop"/>
      </property>
    </property>
    <property name="plugin-34" type="string" value="launcher">
      <property name="items" type="array">
        <value type="string" value="150577369424.desktop"/>
      </property>
    </property>
    <property name="plugin-35" type="string" value="launcher">
      <property name="items" type="array">
        <value type="string" value="150577370225.desktop"/>
      </property>
    </property>
    <property name="plugin-36" type="string" value="launcher">
      <property name="items" type="array">
        <value type="string" value="150577370926.desktop"/>
      </property>
    </property>
    <property name="plugin-37" type="string" value="launcher">
      <property name="items" type="array">
        <value type="string" value="150577371527.desktop"/>
      </property>
    </property>
    <property name="plugin-38" type="string" value="launcher">
      <property name="items" type="array">
        <value type="string" value="150577372128.desktop"/>
      </property>
    </property>
    <property name="plugin-39" type="string" value="launcher">
      <property name="items" type="array">
        <value type="string" value="150577372729.desktop"/>
      </property>
    </property>
    <property name="plugin-40" type="string" value="launcher">
      <property name="items" type="array">
        <value type="string" value="150577373430.desktop"/>
      </property>
    </property>
    <property name="plugin-41" type="string" value="launcher">
      <property name="items" type="array">
        <value type="string" value="150577374531.desktop"/>
      </property>
    </property>
    <property name="plugin-42" type="string" value="launcher">
      <property name="items" type="array">
        <value type="string" value="150577375532.desktop"/>
      </property>
    </property>
    <property name="plugin-43" type="string" value="launcher">
      <property name="items" type="array">
        <value type="string" value="150577389937.desktop"/>
      </property>
    </property>
    <property name="plugin-44" type="string" value="launcher">
      <property name="items" type="array">
        <value type="string" value="150577380435.desktop"/>
      </property>
    </property>
    <property name="plugin-46" type="string" value="actions"/>
    <property name="plugin-2" type="string" value="thunar-tpa"/>
    <property name="plugin-4" type="string" value="showdesktop"/>
    <property name="plugin-11" type="string" value="xfce4-clipman-plugin"/>
  </property>
</channel>
