<?xml version="1.0" encoding="UTF-8"?>

<channel name="xfce4-power-manager" version="1.0">
  <property name="xfce4-power-manager" type="empty">
    <property name="brightness-switch-restore-on-exit" type="int" value="1"/>
    <property name="brightness-switch" type="int" value="0"/>
    <property name="dpms-enabled" type="bool" value="false"/>
    <property name="dpms-on-ac-sleep" type="uint" value="60"/>
    <property name="blank-on-ac" type="int" value="0"/>
    <property name="dpms-on-ac-off" type="uint" value="60"/>
  </property>
</channel>
