<?xml version="1.0"?>
<FileZilla3 version="3.27.1" platform="*nix">
	<Layout Builddate="2017-08-19" Buildtime="16:48:53">
		<Resources>
			<xrc file="certificate.xrc" date="1503154188" />
			<xrc file="dialogs.xrc" date="1503154188" />
			<xrc file="inputdialog.xrc" date="1503154188" />
			<xrc file="menus.xrc" date="1503154188" />
			<xrc file="netconfwizard.xrc" date="1503154188" />
			<xrc file="settings.xrc" date="1503154188" />
			<xrc file="sitemanager.xrc" date="1503154188" />
			<xrc file="storj.xrc" date="1503154188" />
			<xrc file="update.xrc" date="1503154188" />
		</Resources>
		<Language id="de_DE" date="1503154189">
			<Font font="Noto Sans 10" width="797" height="19" />
			<Dialog name="Settings" width="706" />
			<Dialog name="Site Manager" width="832" />
		</Language>
	</Layout>
</FileZilla3>
