<?xml version="1.0" encoding="UTF-8"?>
<FileZilla3 version="3.27.1" platform="*nix">
	<RecentServers>
		<Server>
			<Host>cloud1955043.nitrado.cloud</Host>
			<Port>22</Port>
			<Protocol>1</Protocol>
			<Type>0</Type>
			<User>root</User>
			<Pass encoding="base64">cm9vdA==</Pass>
			<Logontype>1</Logontype>
			<TimezoneOffset>0</TimezoneOffset>
			<PasvMode>MODE_DEFAULT</PasvMode>
			<MaximumMultipleConnections>0</MaximumMultipleConnections>
			<EncodingType>Auto</EncodingType>
			<BypassProxy>0</BypassProxy>
		</Server>
		<Server>
			<Host>raspberrypi</Host>
			<Port>21</Port>
			<Protocol>0</Protocol>
			<Type>0</Type>
			<User>luc99</User>
			<Pass encoding="base64">bHVjOTk=</Pass>
			<Logontype>1</Logontype>
			<TimezoneOffset>0</TimezoneOffset>
			<PasvMode>MODE_DEFAULT</PasvMode>
			<MaximumMultipleConnections>0</MaximumMultipleConnections>
			<EncodingType>Auto</EncodingType>
			<BypassProxy>0</BypassProxy>
		</Server>
		<Server>
			<Host>10.8.0.1</Host>
			<Port>22</Port>
			<Protocol>1</Protocol>
			<Type>0</Type>
			<User>root</User>
			<Pass encoding="base64">NDNST1VURTIxYQ==</Pass>
			<Logontype>1</Logontype>
			<TimezoneOffset>0</TimezoneOffset>
			<PasvMode>MODE_DEFAULT</PasvMode>
			<MaximumMultipleConnections>0</MaximumMultipleConnections>
			<EncodingType>Auto</EncodingType>
			<BypassProxy>0</BypassProxy>
		</Server>
		<Server>
			<Host>192.168.188.21</Host>
			<Port>22</Port>
			<Protocol>1</Protocol>
			<Type>0</Type>
			<User>root</User>
			<Pass encoding="base64">NDNST1VURTIxYQ==</Pass>
			<Logontype>1</Logontype>
			<TimezoneOffset>0</TimezoneOffset>
			<PasvMode>MODE_DEFAULT</PasvMode>
			<MaximumMultipleConnections>0</MaximumMultipleConnections>
			<EncodingType>Auto</EncodingType>
			<BypassProxy>0</BypassProxy>
		</Server>
		<Server>
			<Host>192.168.188.24</Host>
			<Port>21</Port>
			<Protocol>0</Protocol>
			<Type>0</Type>
			<User>anonymous</User>
			<Pass encoding="base64">ZnRi</Pass>
			<Logontype>1</Logontype>
			<TimezoneOffset>0</TimezoneOffset>
			<PasvMode>MODE_DEFAULT</PasvMode>
			<MaximumMultipleConnections>0</MaximumMultipleConnections>
			<EncodingType>Auto</EncodingType>
			<BypassProxy>0</BypassProxy>
		</Server>
		<Server>
			<Host>192.168.188.24</Host>
			<Port>21</Port>
			<Protocol>0</Protocol>
			<Type>0</Type>
			<User>ftp</User>
			<Pass encoding="base64">ZnRw</Pass>
			<Logontype>1</Logontype>
			<TimezoneOffset>0</TimezoneOffset>
			<PasvMode>MODE_DEFAULT</PasvMode>
			<MaximumMultipleConnections>0</MaximumMultipleConnections>
			<EncodingType>Auto</EncodingType>
			<BypassProxy>0</BypassProxy>
		</Server>
		<Server>
			<Host>192.168.188.24</Host>
			<Port>21</Port>
			<Protocol>3</Protocol>
			<Type>0</Type>
			<User>user</User>
			<Pass encoding="base64">dXNlcg==</Pass>
			<Logontype>1</Logontype>
			<TimezoneOffset>0</TimezoneOffset>
			<PasvMode>MODE_DEFAULT</PasvMode>
			<MaximumMultipleConnections>0</MaximumMultipleConnections>
			<EncodingType>Auto</EncodingType>
			<BypassProxy>0</BypassProxy>
		</Server>
		<Server>
			<Host>192.168.188.24</Host>
			<Port>21</Port>
			<Protocol>3</Protocol>
			<Type>0</Type>
			<User>root</User>
			<Pass encoding="base64">cm9vdA==</Pass>
			<Logontype>1</Logontype>
			<TimezoneOffset>0</TimezoneOffset>
			<PasvMode>MODE_DEFAULT</PasvMode>
			<MaximumMultipleConnections>0</MaximumMultipleConnections>
			<EncodingType>Auto</EncodingType>
			<BypassProxy>0</BypassProxy>
		</Server>
		<Server>
			<Host>192.168.188.24</Host>
			<Port>22</Port>
			<Protocol>3</Protocol>
			<Type>0</Type>
			<User>root</User>
			<Pass encoding="base64">cm9vdA==</Pass>
			<Logontype>1</Logontype>
			<TimezoneOffset>0</TimezoneOffset>
			<PasvMode>MODE_DEFAULT</PasvMode>
			<MaximumMultipleConnections>0</MaximumMultipleConnections>
			<EncodingType>Auto</EncodingType>
			<BypassProxy>0</BypassProxy>
		</Server>
		<Server>
			<Host>192.168.188.24</Host>
			<Port>990</Port>
			<Protocol>3</Protocol>
			<Type>0</Type>
			<User>root</User>
			<Pass encoding="base64">cm9vdA==</Pass>
			<Logontype>1</Logontype>
			<TimezoneOffset>0</TimezoneOffset>
			<PasvMode>MODE_DEFAULT</PasvMode>
			<MaximumMultipleConnections>0</MaximumMultipleConnections>
			<EncodingType>Auto</EncodingType>
			<BypassProxy>0</BypassProxy>
		</Server>
	</RecentServers>
</FileZilla3>
