<?xml version="1.0"?>
<FileZilla3 version="3.27.1" platform="*nix">
	<Servers>
		<Server>
			<Host>192.168.188.24</Host>
			<Port>22</Port>
			<Protocol>1</Protocol>
			<Type>0</Type>
			<User>root</User>
			<Pass encoding="base64">cm9vdA==</Pass>
			<Logontype>1</Logontype>
			<TimezoneOffset>0</TimezoneOffset>
			<PasvMode>MODE_DEFAULT</PasvMode>
			<MaximumMultipleConnections>0</MaximumMultipleConnections>
			<EncodingType>Custom</EncodingType>
			<CustomEncoding>iso8859-1</CustomEncoding>
			<BypassProxy>0</BypassProxy>
			<Name>root</Name>
			<Comments />
			<Colour>0</Colour>
			<LocalDir />
			<RemoteDir />
			<SyncBrowsing>0</SyncBrowsing>
			<DirectoryComparison>0</DirectoryComparison>
		</Server>
	</Servers>
</FileZilla3>
